First Name,Last Name,Email,Company,Job Title,Industry
John,Smith,john.smith@example.com,Tech Solutions Inc,Marketing Director,Technology
Sarah,Johnson,sarah.j@example.net,Growth Ventures,CEO,Business Services
Michael,Brown,m.brown@example.org,Digital Dynamics,Sales Manager,Software
Emily,Davis,emily.davis@example.com,Future Finance,Investment Analyst,Finance
David,Wilson,d.wilson@example.net,Creative Corp,Creative Director,Marketing
Lisa,Anderson,l.anderson@example.org,Health Plus,Operations Manager,Healthcare
James,Taylor,james.t@example.com,Build Better,Project Manager,Construction
Maria,Garcia,m.garcia@example.net,Edu Leaders,Training Coordinator,Education
Robert,Martinez,r.martinez@example.org,Cloud Nine,Cloud Architect,Technology
Jennifer,Robinson,j.robinson@example.com,Green Energy,Sustainability Director,Energy
Thomas,Lee,t.lee@example.net,Smart Systems,Product Manager,Technology
Amanda,White,a.white@example.org,Global Trade,Business Development,International Trade
Richard,King,r.king@example.com,Data Insights,Data Analyst,Technology
Patricia,Wright,p.wright@example.net,Legal Solutions,Legal Counsel,Legal Services
Daniel,Lopez,d.lopez@example.org,Marketing Pro,Marketing Manager,Marketing
Michelle,Hall,m.hall@example.com,Retail Plus,Store Manager,Retail
Christopher,Allen,c.allen@example.net,Tech Innovate,CTO,Technology
Elizabeth,Young,e.young@example.org,HR Solutions,HR Director,Human Resources
Kevin,Scott,k.scott@example.com,Finance First,Financial Advisor,Finance
Laura,Green,l.green@example.net,Design Hub,UX Designer,Design
